{
  "-89.55000,-45.00000": -931.5,
  "-89.62000,-30.00000": -871.5,
  "-89.69000,-10.00000": -522,
  "-89.71000,-2.00000": -301.5,
  "-89.65000,-35.00000": -810.5,
  "-89.72000,-25.00000": -598.5,
  "-89.78000,-15.00000": -250,
  "-89.52000,-55.00000": -774.5,
  "-89.50000,-65.00000": -573.5,
  "-89.40000,30.00000": -551,
  "-89.42000,55.00000": -669.5,
  "-89.45000,85.00000": 556.5,
  "-89.36000,20.00000": -676,
  "-89.34000,10.00000": -537.5,
  "-89.38000,25.00000": -548,
  "-89.36000,60.00000": -802,
  "-89.32000,95.00000": 277,
  "-89.30000,120.00000": 1120,
  "-89.78000,90.00000": -730.5,
  "-89.75000,75.00000": 419,
  "-89.73000,50.00000": 1061.5,
  "-89.75000,60.00000": 1366,
  "-89.72000,30.00000": 411,
  "-89.80000,130.00000": -2194,
  "-89.78000,170.00000": -622.5,
  "-89.50000,-135.00000": 1757,
  "-89.40000,-150.00000": 1501.5,
  "-89.20000,-160.00000": 576,
  "-89.10000,-160.00000": 51,
  "-89.30000,-155.00000": 1254.5,
  "-89.60000,-120.00000": 753.5,
  "-89.68000,-100.00000": 262.5,
  "-89.30000,-125.00000": 1134,
  "-88.85000,-110.00000": -186,
  "-88.65000,-100.00000": -1195.5,
  "-89.15000,-120.00000": 290
}
